,referenceDate,title
0,06/12/2022,Estado de cuenta del Banco de México
1,14/12/2022,Estado de cuenta del Banco de México
2,20/12/2022,Estado de cuenta del Banco de México
3,27/12/2022,Estado de cuenta del Banco de México
4,15/12/2022,Anuncio de la Decisión de Política Monetaria
5,01/12/2022,"Remesas con el exterior, octubre 2022"
6,30/12/2022,Agregados monetarios y actividad financiera
7,01/12/2022,Encuesta sobre las expectativas del sector privado: noviembre 2022
8,15/12/2022,Encuesta sobre las expectativas del sector privado: diciembre 2022
9,06/12/2022,Resultados de la subasta de valores gubernamentales
10,13/12/2022,Resultados de la subasta de valores gubernamentales
11,20/12/2022,Resultados de la subasta de valores gubernamentales
12,27/12/2022,Resultados de la subasta de valores gubernamentales
13,07/12/2022,"Reporte de Estabilidad Financiera, diciembre 2022"
14,01/11/2022,Estado de cuenta del Banco de México
15,08/11/2022,Estado de cuenta del Banco de México
16,15/11/2022,Estado de cuenta del Banco de México
17,23/11/2022,Estado de cuenta del Banco de México
18,29/11/2022,Estado de cuenta del Banco de México
19,25/11/2022,La balanza de pagos en el tercer trimestre de 2022
20,10/11/2022,Anuncio de la Decisión de Política Monetaria
21,30/11/2022,Agregados monetarios y actividad financiera
22,04/11/2022,Encuesta sobre Condiciones Generales y Estándares en el Mercado de Crédito Bancario
23,08/11/2022,Resultados de la subasta de valores gubernamentales
24,15/11/2022,Resultados de la subasta de valores gubernamentales
25,22/11/2022,Resultados de la subasta de valores gubernamentales
26,29/11/2022,Resultados de la subasta de valores gubernamentales
27,04/10/2022,Estado de cuenta del Banco de México
28,11/10/2022,Estado de cuenta del Banco de México
29,18/10/2022,Estado de cuenta del Banco de México
30,25/10/2022,Estado de cuenta del Banco de México
31,03/10/2022,"Remesas con el exterior, agosto 2022"
32,13/10/2022,Minutas de las decisiones de política monetaria
33,31/10/2022,Agregados monetarios y actividad financiera
34,03/10/2022,Encuesta sobre las expectativas del sector privado: septiembre 2022
35,04/10/2022,Resultados de la subasta de valores gubernamentales
36,11/10/2022,Resultados de la subasta de valores gubernamentales
37,18/10/2022,Resultados de la subasta de valores gubernamentales
38,25/10/2022,Resultados de la subasta de valores gubernamentales
39,31/10/2022,Resultados de la subasta de valores gubernamentales
40,06/09/2022,Estado de cuenta del Banco de México
41,13/09/2022,Estado de cuenta del Banco de México
42,20/09/2022,Estado de cuenta del Banco de México
43,27/09/2022,Estado de cuenta del Banco de México
44,29/09/2022,Anuncio de la Decisión de Política Monetaria
45,01/09/2022,"Remesas con el exterior, julio 2022"
46,30/09/2022,Agregados monetarios y actividad financiera
47,01/09/2022,Encuesta sobre las expectativas del sector privado: agosto 2022
48,06/09/2022,Resultados de la subasta de valores gubernamentales
49,13/09/2022,Resultados de la subasta de valores gubernamentales
50,20/09/2022,Resultados de la subasta de valores gubernamentales
51,27/09/2022,Resultados de la subasta de valores gubernamentales
52,02/08/2022,Estado de cuenta del Banco de México
53,09/08/2022,Estado de cuenta del Banco de México
54,16/08/2022,Estado de cuenta del Banco de México
55,23/08/2022,Estado de cuenta del Banco de México
56,30/08/2022,Estado de cuenta del Banco de México
57,25/08/2022,La balanza de pagos en el segundo trimestre de 2022
58,11/08/2022,Anuncio de la Decisión de Política Monetaria
59,31/08/2022,Agregados monetarios y actividad financiera
60,05/08/2022,Encuesta sobre Condiciones Generales y Estándares en el Mercado de Crédito Bancario
61,02/08/2022,Resultados de la subasta de valores gubernamentales
62,09/08/2022,Resultados de la subasta de valores gubernamentales
63,16/08/2022,Resultados de la subasta de valores gubernamentales
64,23/08/2022,Resultados de la subasta de valores gubernamentales
65,30/08/2022,Resultados de la subasta de valores gubernamentales
66,05/07/2022,Estado de cuenta del Banco de México
67,12/07/2022,Estado de cuenta del Banco de México
68,19/07/2022,Estado de cuenta del Banco de México
69,26/07/2022,Estado de cuenta del Banco de México
70,01/07/2022,"Remesas con el exterior, mayo 2022"
71,07/07/2022,Minutas de las decisiones de política monetaria
72,29/07/2022,Agregados monetarios y actividad financiera
73,01/07/2022,Encuesta sobre las expectativas del sector privado: junio 2022
74,05/07/2022,Resultados de la subasta de valores gubernamentales
75,12/07/2022,Resultados de la subasta de valores gubernamentales
76,19/07/2022,Resultados de la subasta de valores gubernamentales
77,26/07/2022,Resultados de la subasta de valores gubernamentales
78,07/06/2022,Estado de cuenta del Banco de México
79,14/06/2022,Estado de cuenta del Banco de México
80,21/06/2022,Estado de cuenta del Banco de México
81,28/06/2022,Estado de cuenta del Banco de México
82,01/06/2022,"Remesas con el exterior, abril 2022"
83,23/06/2022,Anuncio de la Decisión de Política Monetaria
84,30/06/2022,Agregados monetarios y actividad financiera
85,01/06/2022,Encuesta sobre las expectativas del sector privado: mayo 2022
86,07/06/2022,Resultados de la subasta de valores gubernamentales
87,14/06/2022,Resultados de la subasta de valores gubernamentales
88,21/06/2022,Resultados de la subasta de valores gubernamentales
89,28/06/2022,Resultados de la subasta de valores gubernamentales
90,15/06/2022,"Reporte de Estabilidad Financiera, junio 2022"
91,03/05/2022,Estado de cuenta del Banco de México
92,10/05/2022,Estado de cuenta del Banco de México
93,17/05/2022,Estado de cuenta del Banco de México
94,24/05/2022,Estado de cuenta del Banco de México
95,31/05/2022,Estado de cuenta del Banco de México
96,25/05/2022,La balanza de pagos en el primer trimestre de 2022
97,12/05/2022,Anuncio de la Decisión de Política Monetaria
98,31/05/2022,Agregados monetarios y actividad financiera
99,06/05/2022,Encuesta sobre Condiciones Generales y Estándares en el Mercado de Crédito Bancario
100,03/05/2022,Resultados de la subasta de valores gubernamentales
101,10/05/2022,Resultados de la subasta de valores gubernamentales
102,17/05/2022,Resultados de la subasta de valores gubernamentales
103,24/05/2022,Resultados de la subasta de valores gubernamentales
104,31/05/2022,Resultados de la subasta de valores gubernamentales
